isFlying,isLandingModeActive,isAltCommandMode,isAltCommandActive,altCommandState,zPosition,zVelocity,throttleControl,throttlePercent,altitudeSLHome,throttleCentered
0,0,0,0,0,-0.09,-0.00,0.00,0.00,-0.09,1,1106,0
0,0,0,0,0,-0.09,-0.00,0.00,0.00,-0.09,1,1156,0
0,0,0,0,0,-0.09,-0.00,0.00,0.00,-0.09,1,1206,0
0,0,0,0,0,-0.09,-0.00,0.00,0.00,-0.09,1,1256,0
0,0,0,0,0,-0.09,-0.00,0.00,0.00,-0.09,1,1306,0
0,0,0,0,0,-0.09,-0.00,0.00,0.00,-0.09,1,1356,0
0,0,0,0,0,-0.09,-0.00,0.00,0.00,-0.09,1,1406,0
0,0,0,0,0,-0.09,-0.00,0.00,0.00,-0.09,1,1456,0
0,0,0,0,0,-0.09,-0.00,0.00,0.00,-0.09,1,1506,0
0,0,0,0,0,-0.09,-0.00,0.00,0.00,-0.09,1,1556,0
0,0,0,0,0,-0.08,-0.00,0.00,0.00,-0.08,1,1606,0
0,0,0,0,0,-0.08,-0.00,0.66,0.00,-0.08,0,0,0
0,0,0,0,0,-0.08,-0.00,2.71,0.00,-0.08,0,0,0
0,0,0,0,0,-0.08,-0.00,6.30,0.01,-0.08,0,0,0
0,0,0,0,0,-0.08,-0.00,11.50,0.01,-0.08,0,0,0
0,0,0,0,0,-0.08,-0.00,17.99,0.02,-0.08,0,0,0
0,0,0,0,0,-0.08,-0.00,25.41,0.03,-0.08,0,0,0
0,0,0,0,0,-0.08,-0.00,33.43,0.04,-0.08,0,0,0
0,0,0,0,0,-0.08,-0.00,41.74,0.05,-0.08,0,0,0
0,0,0,0,0,-0.09,-0.00,50.21,0.06,-0.09,0,0,0
0,0,0,0,0,-0.09,-0.00,58.75,0.07,-0.09,0,0,0
0,0,0,0,0,-0.08,-0.00,67.43,0.07,-0.08,0,0,0
0,0,0,0,0,-0.08,-0.00,76.29,0.08,-0.08,0,0,0
0,0,0,0,0,-0.09,-0.00,85.24,0.09,-0.09,0,0,0
0,0,0,0,0,-0.09,-0.00,94.20,0.10,-0.09,0,0,0
0,0,0,0,0,-0.09,-0.00,103.15,0.11,-0.09,0,0,0
0,0,0,0,0,-0.09,-0.00,111.94,0.12,-0.09,0,0,0
0,0,0,0,0,-0.09,-0.00,120.89,0.13,-0.09,0,0,0
0,0,0,0,0,-0.09,-0.00,129.85,0.14,-0.09,0,0,0
0,0,0,0,0,-0.09,-0.00,138.81,0.15,-0.09,0,0,0
0,0,0,0,0,-0.08,-0.00,147.77,0.16,-0.08,0,0,0
0,0,0,0,0,-0.08,-0.00,156.72,0.17,-0.08,0,0,0
0,0,0,0,0,-0.08,-0.00,165.67,0.18,-0.08,0,0,0
0,0,0,0,0,-0.08,-0.00,174.62,0.19,-0.08,0,0,0
0,0,0,0,0,-0.08,-0.00,183.56,0.20,-0.08,0,0,0
0,0,0,0,0,-0.08,-0.00,192.51,0.21,-0.08,0,0,0
0,0,0,0,0,-0.08,-0.00,201.46,0.22,-0.08,0,0,0
0,0,0,0,0,-0.08,-0.00,210.43,0.23,-0.08,0,0,0
0,0,0,0,0,-0.08,-0.00,219.38,0.24,-0.08,0,0,0
0,0,0,0,0,-0.08,-0.00,228.35,0.25,-0.08,0,0,0
0,0,0,0,0,-0.07,-0.00,237.30,0.26,-0.07,0,0,0
0,0,0,0,0,-0.07,-0.00,246.27,0.27,-0.07,0,0,0
1,0,0,0,0,-0.07,-0.00,251.18,0.28,-0.07,0,0,0
1,0,0,0,0,-0.07,-0.00,253.42,0.28,-0.07,0,0,0
1,0,0,0,0,-0.07,-0.00,255.66,0.28,-0.07,0,0,0
1,0,0,0,0,-0.07,-0.00,257.90,0.29,-0.07,0,0,0
1,0,0,0,0,-0.07,0.00,260.14,0.29,-0.07,0,0,0
1,0,0,0,0,-0.06,0.00,262.38,0.29,-0.07,0,0,0
1,0,0,0,0,-0.06,0.00,264.62,0.29,-0.07,0,0,0
1,0,0,0,0,-0.06,0.00,266.85,0.30,-0.07,0,0,0
1,0,0,0,0,-0.06,0.00,269.06,0.30,-0.07,0,0,0
1,0,0,0,0,-0.06,0.00,271.11,0.30,-0.07,0,0,0
1,0,0,0,0,-0.06,0.00,272.83,0.30,-0.07,0,0,0
1,0,0,0,0,-0.06,0.00,274.10,0.30,-0.07,0,0,0
1,0,0,0,0,-0.06,0.00,274.93,0.31,-0.07,0,0,0
1,0,0,0,0,-0.06,0.00,275.36,0.31,-0.07,1,7,0
1,0,0,0,0,-0.06,0.00,275.29,0.31,-0.07,1,57,0
1,0,0,0,0,-0.06,0.00,275.30,0.31,-0.07,1,107,0
1,0,0,0,0,-0.06,0.00,275.40,0.31,-0.07,1,157,0
1,0,0,0,0,-0.06,0.00,275.64,0.31,-0.07,1,207,0
1,0,0,0,0,-0.07,0.00,275.78,0.31,-0.07,1,257,0
1,0,0,0,0,-0.07,0.00,275.73,0.31,-0.07,1,307,0
1,0,0,0,0,-0.07,0.00,275.47,0.31,-0.07,0,0,0
1,0,0,0,0,-0.07,0.00,276.18,0.31,-0.07,0,0,0
1,0,0,0,0,-0.07,0.00,277.45,0.31,-0.07,0,0,0
1,0,0,0,0,-0.07,0.00,279.14,0.31,-0.07,0,0,0
1,0,0,0,0,-0.07,0.00,281.16,0.31,-0.07,0,0,0
1,0,0,0,0,-0.07,0.00,283.38,0.31,-0.07,0,0,0
1,0,0,0,0,-0.07,0.00,285.70,0.32,-0.07,0,0,0
1,0,0,0,0,-0.07,0.00,288.03,0.32,-0.07,0,0,0
1,0,0,0,0,-0.07,0.00,290.43,0.32,-0.07,0,0,0
1,0,0,0,0,-0.07,0.01,292.88,0.33,-0.07,0,0,0
1,0,0,0,0,-0.07,0.00,295.40,0.33,-0.07,0,0,0
1,0,0,0,0,-0.07,0.00,298.01,0.33,-0.07,0,0,0
1,0,0,0,0,-0.07,0.00,300.66,0.33,-0.07,0,0,0
1,0,0,0,0,-0.07,0.00,303.32,0.34,-0.07,0,0,0
1,0,0,0,0,-0.07,0.00,305.98,0.34,-0.07,0,0,0
1,0,0,0,0,-0.07,0.00,308.70,0.34,-0.07,0,0,0
1,0,0,0,0,-0.07,0.01,311.43,0.35,-0.07,0,0,0
1,0,0,0,0,-0.07,0.01,314.17,0.35,-0.07,0,0,0
1,0,0,0,0,-0.07,0.00,316.92,0.35,-0.07,0,0,0
1,0,0,0,0,-0.07,0.01,319.67,0.36,-0.07,0,0,0
1,0,0,0,0,-0.07,0.00,322.43,0.36,-0.07,0,0,0
1,0,0,0,0,-0.07,0.01,325.18,0.36,-0.07,0,0,0
1,0,0,0,0,-0.07,0.00,327.95,0.36,-0.07,0,0,0
1,0,0,0,0,-0.07,0.00,330.71,0.37,-0.07,0,0,0
1,0,0,0,0,-0.07,0.00,333.47,0.37,-0.07,0,0,0
1,0,0,0,0,-0.07,0.00,336.24,0.37,-0.07,0,0,0
1,0,0,0,0,-0.07,0.00,339.02,0.38,-0.07,0,0,0
1,0,0,0,0,-0.07,0.00,341.79,0.38,-0.07,0,0,0
1,0,0,0,0,-0.07,0.00,344.56,0.38,-0.07,0,0,0
1,0,0,0,0,-0.07,0.00,347.33,0.39,-0.07,0,0,0
1,0,0,0,0,-0.07,0.00,350.11,0.39,-0.07,0,0,0
1,0,0,0,0,-0.07,0.00,352.88,0.39,-0.07,0,0,0
1,0,0,0,0,-0.07,0.00,355.65,0.40,-0.07,0,0,0
1,0,0,0,0,-0.08,0.00,358.42,0.40,-0.07,0,0,0
1,0,0,0,0,-0.08,0.00,361.20,0.40,-0.07,0,0,0
1,0,0,0,0,-0.08,0.00,363.97,0.40,-0.07,0,0,0
1,0,0,0,0,-0.08,0.00,366.74,0.41,-0.07,0,0,0
1,0,0,0,0,-0.08,0.00,369.52,0.41,-0.07,0,0,0
1,0,0,0,0,-0.08,0.00,372.31,0.41,-0.07,0,0,0
1,0,0,0,0,-0.08,0.00,375.09,0.42,-0.07,0,0,0
1,0,0,0,0,-0.08,0.00,377.89,0.42,-0.07,0,0,0
1,0,0,0,0,-0.08,0.00,380.67,0.42,-0.07,0,0,0
1,0,0,0,0,-0.08,0.00,383.42,0.43,-0.07,0,0,0
1,0,0,0,0,-0.08,0.00,386.22,0.43,-0.07,0,0,0
1,0,0,0,0,-0.08,0.00,389.02,0.43,-0.07,0,0,0
1,0,0,0,0,-0.08,0.00,391.82,0.44,-0.07,0,0,0
1,0,0,0,0,-0.08,0.00,394.56,0.44,-0.07,0,0,0
1,0,0,0,0,-0.08,0.00,397.36,0.44,-0.07,0,0,0
1,0,0,0,0,-0.08,0.00,400.17,0.44,-0.07,0,0,0
1,0,0,0,0,-0.08,0.00,402.96,0.45,-0.07,0,0,0
1,0,0,0,0,-0.08,0.00,405.76,0.45,-0.07,0,0,0
1,0,0,0,0,-0.08,0.00,408.55,0.45,-0.07,0,0,0
1,0,0,0,0,-0.08,0.00,411.35,0.46,-0.07,0,0,0
1,0,0,0,0,-0.08,0.00,414.15,0.46,-0.07,0,0,0
1,0,0,0,0,-0.08,0.00,416.95,0.46,-0.07,0,0,0
1,0,0,0,0,-0.08,0.00,419.74,0.47,-0.07,0,0,0
1,0,0,0,0,-0.09,0.00,422.54,0.47,-0.07,0,0,0
1,0,0,0,0,-0.09,0.00,425.34,0.47,-0.07,0,0,0
1,0,0,0,0,-0.09,0.00,428.14,0.48,-0.07,0,0,0
1,0,0,0,0,-0.09,0.00,430.94,0.48,-0.07,0,0,0
1,0,0,0,0,-0.09,0.00,433.74,0.48,-0.07,0,0,0
1,0,0,0,0,-0.09,0.00,436.55,0.49,-0.07,0,0,0
1,0,0,0,0,-0.09,0.00,439.36,0.49,-0.07,0,0,0
1,0,0,0,0,-0.09,0.00,442.17,0.49,-0.07,0,0,0
1,0,0,0,0,-0.09,0.00,444.98,0.49,-0.07,0,0,0
1,0,0,0,0,-0.09,-0.00,447.79,0.50,-0.07,0,0,0
1,0,0,0,0,-0.09,-0.00,450.55,0.50,-0.07,0,0,0
1,0,0,0,0,-0.09,-0.00,453.36,0.50,-0.07,0,0,0
1,0,0,0,0,-0.09,-0.00,456.17,0.51,-0.07,0,0,0
1,0,0,0,0,-0.09,-0.00,458.99,0.51,-0.07,0,0,0
1,0,0,0,0,-0.10,-0.00,461.80,0.51,-0.07,0,0,0
1,0,0,0,0,-0.10,-0.00,464.63,0.52,-0.07,0,0,0
1,0,0,0,0,-0.10,-0.00,467.45,0.52,-0.07,0,0,0
1,0,0,0,0,-0.10,-0.00,470.28,0.52,-0.07,0,0,0
1,0,0,0,0,-0.10,-0.00,473.09,0.53,-0.07,0,0,0
1,0,0,0,0,-0.10,-0.00,475.91,0.53,-0.07,0,0,0
1,0,0,0,0,-0.10,-0.00,478.72,0.53,-0.07,0,0,0
1,0,0,0,0,-0.10,-0.00,481.52,0.54,-0.07,0,0,0
1,0,0,0,0,-0.09,-0.00,484.14,0.54,-0.07,0,0,0
1,0,0,0,0,-0.09,-0.00,486.24,0.54,-0.07,0,0,0
1,0,0,0,0,-0.09,-0.00,487.76,0.54,-0.07,0,0,0
1,0,0,0,0,-0.09,-0.00,488.70,0.54,-0.07,0,0,0
1,0,0,0,0,-0.10,-0.00,489.16,0.54,-0.07,0,0,0
1,0,0,0,0,-0.10,-0.00,489.43,0.54,-0.07,1,19,0
1,0,0,0,0,-0.10,-0.00,489.53,0.54,-0.07,1,70,0
1,0,0,0,0,-0.09,-0.00,489.40,0.54,-0.07,1,120,0
1,0,0,0,0,-0.10,-0.00,489.36,0.54,-0.07,1,170,0
1,0,0,0,0,-0.09,-0.00,489.23,0.54,-0.07,1,220,0
1,0,0,0,0,-0.09,-0.00,489.14,0.54,-0.07,1,270,0
1,0,0,0,0,-0.09,-0.00,489.13,0.54,-0.07,1,320,0
1,0,0,0,0,-0.09,-0.00,489.09,0.54,-0.07,1,370,0
1,0,0,0,0,-0.09,-0.00,488.93,0.54,-0.07,1,420,0
1,0,0,0,0,-0.09,-0.00,488.54,0.54,-0.07,1,470,0
1,0,0,0,0,-0.09,-0.00,488.53,0.54,-0.07,1,520,0
1,0,0,0,0,-0.09,-0.00,488.40,0.54,-0.07,1,570,0
1,0,0,0,0,-0.09,-0.00,488.20,0.54,-0.07,1,620,0
1,0,0,0,0,-0.08,-0.00,487.90,0.54,-0.07,1,670,0
1,0,0,0,0,-0.08,-0.00,487.68,0.54,-0.07,1,720,0
1,0,0,0,0,-0.08,-0.00,487.52,0.54,-0.07,1,770,0
1,0,0,0,0,-0.08,-0.00,487.54,0.54,-0.07,1,820,0
1,0,0,0,0,-0.08,-0.00,487.27,0.54,-0.07,1,870,0
1,0,0,0,0,-0.08,-0.00,486.85,0.54,-0.07,1,920,0
1,0,0,0,0,-0.08,-0.00,486.78,0.54,-0.07,1,970,0
1,0,0,0,0,-0.08,-0.00,486.79,0.54,-0.07,1,1020,0
1,0,0,0,0,-0.08,-0.00,486.79,0.54,-0.07,1,1070,0
1,0,0,0,0,-0.08,-0.00,486.63,0.54,-0.07,1,1120,0
1,0,0,0,0,-0.08,-0.00,486.43,0.54,-0.07,1,1170,0
1,0,0,0,0,-0.08,-0.00,486.21,0.54,-0.07,1,1220,0
1,0,0,0,0,-0.08,-0.00,486.10,0.54,-0.07,1,1270,0
1,0,0,0,0,-0.08,-0.00,485.91,0.54,-0.07,1,1320,0
1,0,0,0,0,-0.08,-0.00,485.99,0.54,-0.07,1,1370,0
1,0,0,0,0,-0.08,-0.00,486.08,0.54,-0.07,1,1420,0
1,0,0,0,0,-0.08,-0.00,486.09,0.54,-0.07,1,1470,0
1,0,0,0,0,-0.08,-0.00,486.22,0.54,-0.07,1,1520,0
1,0,0,0,0,-0.08,-0.00,486.15,0.54,-0.07,1,1570,0
1,0,0,0,0,-0.08,-0.00,486.21,0.54,-0.07,1,1620,0
1,0,0,0,0,-0.09,-0.00,486.49,0.54,-0.07,1,1670,0
1,0,0,0,0,-0.09,-0.00,486.63,0.54,-0.07,1,1720,0
1,1,1,1,1,-0.09,-0.00,486.17,0.54,-0.07,1,0,0
1,1,1,1,1,-0.09,-0.00,485.64,0.54,-0.07,1,0,0
1,1,1,1,1,-0.09,-0.00,485.11,0.54,-0.07,1,0,0
1,1,1,1,1,-0.09,-0.00,484.58,0.54,-0.07,1,0,0
1,1,1,1,1,-0.09,-0.00,484.06,0.54,-0.07,1,0,0
1,1,1,1,1,-0.09,-0.00,483.53,0.54,-0.07,1,0,0
1,1,1,1,1,-0.10,-0.00,483.00,0.54,-0.07,1,0,0
1,1,1,1,1,-0.10,-0.00,482.47,0.54,-0.07,1,0,0
1,1,1,1,1,-0.10,-0.00,481.95,0.54,-0.07,1,0,0
1,1,1,1,1,-0.10,-0.01,481.42,0.53,-0.07,1,0,0
1,1,1,1,1,-0.10,-0.00,480.89,0.53,-0.07,1,0,0
1,1,1,1,1,-0.10,-0.00,480.37,0.53,-0.07,1,0,0
1,1,1,1,1,-0.10,-0.00,479.85,0.53,-0.07,1,0,0
1,1,1,1,1,-0.10,-0.00,479.32,0.53,-0.07,1,0,0
1,1,1,1,1,-0.10,-0.00,478.79,0.53,-0.07,1,0,0
1,1,1,1,1,-0.10,-0.00,478.26,0.53,-0.07,1,0,0
1,1,1,1,1,-0.10,-0.00,477.75,0.53,-0.07,1,0,0
1,1,1,1,1,-0.10,-0.00,477.22,0.53,-0.07,1,0,0
1,1,1,1,1,-0.10,-0.00,476.69,0.53,-0.07,1,0,0
1,1,1,1,1,-0.10,-0.00,476.16,0.53,-0.07,1,0,0
1,1,1,1,1,-0.10,-0.00,475.64,0.53,-0.07,1,0,0
1,1,1,1,1,-0.10,-0.00,475.11,0.53,-0.07,1,0,0
1,1,1,1,1,-0.10,-0.00,474.59,0.53,-0.07,1,0,0
1,1,1,1,1,-0.10,-0.00,474.06,0.53,-0.07,1,0,0
1,1,1,1,1,-0.10,-0.00,473.54,0.53,-0.07,1,0,0
1,1,1,1,1,-0.10,-0.00,473.01,0.53,-0.07,1,0,0
1,1,1,1,1,-0.10,-0.01,472.48,0.52,-0.07,1,0,0
1,1,1,1,1,-0.10,-0.01,471.96,0.52,-0.07,1,0,0
1,1,1,1,1,-0.10,-0.01,471.43,0.52,-0.07,1,0,0
1,1,1,1,1,-0.10,-0.01,470.92,0.52,-0.07,1,0,0
1,1,1,1,1,-0.11,-0.01,470.39,0.52,-0.07,1,0,0
1,1,1,1,1,-0.11,-0.01,469.86,0.52,-0.07,1,0,0
1,1,1,1,1,-0.11,-0.01,469.33,0.52,-0.07,1,0,0
1,1,1,1,1,-0.11,-0.01,468.81,0.52,-0.07,1,0,0
1,1,1,1,1,-0.11,-0.01,468.29,0.52,-0.07,1,0,0
1,1,1,1,1,-0.11,-0.01,467.77,0.52,-0.07,1,0,0
1,1,1,1,1,-0.11,-0.01,467.24,0.52,-0.07,1,0,0
1,1,1,1,1,-0.12,-0.01,466.72,0.52,-0.07,1,0,0
1,1,1,1,1,-0.12,-0.01,466.19,0.52,-0.07,1,0,0
1,1,1,1,1,-0.12,-0.01,465.67,0.52,-0.07,1,0,0
1,1,1,1,1,-0.12,-0.01,465.15,0.52,-0.07,1,0,0
1,1,1,1,1,-0.12,-0.01,464.62,0.52,-0.07,1,0,0
1,1,1,1,1,-0.12,-0.01,464.10,0.52,-0.07,1,0,0
1,1,1,1,1,-0.12,-0.01,463.57,0.52,-0.07,1,0,0
1,1,1,1,1,-0.12,-0.01,463.04,0.51,-0.07,1,0,0
1,1,1,1,1,-0.12,-0.01,462.51,0.51,-0.07,1,0,0
1,1,1,1,1,-0.13,-0.01,461.99,0.51,-0.07,1,0,0
1,1,1,1,1,-0.13,-0.01,461.46,0.51,-0.07,1,0,0
1,1,1,1,1,-0.13,-0.01,460.93,0.51,-0.07,1,0,0
1,1,1,1,1,-0.13,-0.01,460.40,0.51,-0.07,1,0,0
1,1,1,1,1,-0.13,-0.01,459.88,0.51,-0.07,1,0,0
1,1,1,1,1,-0.13,-0.02,459.35,0.51,-0.07,1,0,0
1,1,1,1,1,-0.13,-0.02,458.82,0.51,-0.07,1,0,0
1,1,1,1,1,-0.13,-0.02,458.29,0.51,-0.07,1,0,0
1,1,1,1,1,-0.13,-0.01,457.76,0.51,-0.07,1,0,0
1,1,1,1,1,-0.13,-0.01,457.24,0.51,-0.07,1,0,0
1,1,1,1,1,-0.13,-0.01,456.71,0.51,-0.07,1,0,0
1,1,1,1,1,-0.13,-0.01,456.18,0.51,-0.07,1,0,0
1,1,1,1,1,-0.13,-0.01,455.65,0.51,-0.07,1,0,0
1,1,1,1,1,-0.14,-0.01,455.13,0.51,-0.07,1,0,0
1,1,1,1,1,-0.14,-0.01,454.61,0.51,-0.07,1,0,0
1,1,1,1,1,-0.14,-0.01,454.08,0.50,-0.07,1,0,0
1,1,1,1,1,-0.14,-0.01,453.55,0.50,-0.07,1,0,0
1,1,1,1,1,-0.14,-0.01,453.03,0.50,-0.07,1,0,0
1,1,1,1,1,-0.14,-0.01,452.50,0.50,-0.07,1,0,0
1,1,1,1,1,-0.14,-0.01,451.97,0.50,-0.07,1,0,0
1,1,1,1,1,-0.14,-0.01,451.44,0.50,-0.07,1,0,0
1,1,1,1,1,-0.14,-0.01,450.91,0.50,-0.07,1,0,0
1,1,1,1,1,-0.14,-0.01,450.39,0.50,-0.07,1,0,0
1,1,1,1,1,-0.14,-0.00,449.86,0.50,-0.07,1,0,0
1,1,1,1,1,-0.14,-0.00,449.33,0.50,-0.07,1,0,0
1,1,1,1,1,-0.15,-0.01,448.80,0.50,-0.07,1,0,0
1,1,1,1,1,-0.15,-0.01,448.28,0.50,-0.07,1,0,0
1,1,1,1,1,-0.15,-0.01,447.75,0.50,-0.07,1,0,0
1,1,1,1,1,-0.15,-0.01,447.22,0.50,-0.07,1,0,0
1,1,1,1,1,-0.15,-0.01,446.69,0.50,-0.07,1,0,0
1,1,1,1,1,-0.15,-0.01,446.17,0.50,-0.07,1,0,0
1,1,1,1,1,-0.15,-0.01,445.64,0.50,-0.07,1,0,0
1,1,1,1,1,-0.15,-0.01,445.11,0.49,-0.07,1,0,0
1,1,1,1,1,-0.15,-0.01,444.58,0.49,-0.07,1,0,0
1,1,1,1,1,-0.15,-0.01,444.06,0.49,-0.07,1,0,0
1,1,1,1,1,-0.15,-0.01,443.53,0.49,-0.07,1,0,0
1,1,1,1,1,-0.14,-0.01,443.00,0.49,-0.07,1,0,0
1,1,1,1,1,-0.14,-0.01,442.47,0.49,-0.07,1,0,0
1,1,1,1,1,-0.14,-0.01,441.94,0.49,-0.07,1,0,0
1,1,1,1,1,-0.14,-0.01,441.42,0.49,-0.07,1,0,0
1,1,1,1,1,-0.14,-0.01,440.89,0.49,-0.07,1,0,0
1,1,1,1,1,-0.14,-0.01,440.36,0.49,-0.07,1,0,0
1,1,1,1,1,-0.14,-0.01,439.83,0.49,-0.07,1,0,0
1,1,1,1,1,-0.14,-0.01,439.31,0.49,-0.07,1,0,0
1,1,1,1,1,-0.14,-0.01,438.78,0.49,-0.07,1,0,0
1,1,1,1,1,-0.14,-0.01,438.25,0.49,-0.07,1,0,0
1,1,1,1,1,-0.14,-0.02,437.72,0.49,-0.07,1,0,0
1,1,1,1,1,-0.15,-0.02,437.20,0.49,-0.07,1,0,0
1,1,1,1,1,-0.15,-0.02,436.67,0.49,-0.07,1,0,0
1,1,1,1,1,-0.15,-0.02,436.14,0.48,-0.07,1,0,0
1,1,1,1,1,-0.15,-0.02,435.61,0.48,-0.07,1,0,0
1,1,1,1,1,-0.15,-0.02,435.09,0.48,-0.07,1,0,0
1,1,1,1,1,-0.15,-0.02,434.56,0.48,-0.07,1,0,0
1,1,1,1,1,-0.15,-0.03,434.03,0.48,-0.07,1,0,0
1,1,1,1,1,-0.15,-0.03,433.50,0.48,-0.07,1,0,0
1,1,1,1,1,-0.15,-0.03,432.97,0.48,-0.07,1,0,0
1,1,1,1,1,-0.15,-0.03,432.45,0.48,-0.07,1,0,0
1,1,1,1,1,-0.15,-0.03,431.92,0.48,-0.07,1,0,0
1,1,1,1,1,-0.15,-0.03,431.39,0.48,-0.07,1,0,0
1,1,1,1,1,-0.16,-0.02,430.86,0.48,-0.07,1,0,0
1,1,1,1,1,-0.16,-0.02,430.34,0.48,-0.07,1,0,0
1,1,1,1,1,-0.16,-0.02,429.81,0.48,-0.07,1,0,0
1,1,1,1,1,-0.16,-0.03,429.28,0.48,-0.07,1,0,0
1,1,1,1,1,-0.16,-0.02,428.75,0.48,-0.07,1,0,0
1,1,1,1,1,-0.16,-0.02,428.23,0.48,-0.07,1,0,0
1,1,1,1,1,-0.16,-0.02,427.70,0.48,-0.07,1,0,0
1,1,1,1,1,-0.16,-0.02,427.17,0.47,-0.07,1,0,0
1,1,1,1,1,-0.16,-0.02,426.64,0.47,-0.07,1,0,0
1,1,1,1,1,-0.16,-0.01,426.12,0.47,-0.07,1,0,0
1,1,1,1,1,-0.16,-0.01,425.59,0.47,-0.07,1,0,0
1,1,1,1,1,-0.16,-0.01,425.06,0.47,-0.07,1,0,0
1,1,1,1,1,-0.16,-0.01,424.53,0.47,-0.07,1,0,0
1,1,1,1,1,-0.16,-0.01,424.01,0.47,-0.07,1,0,0
1,1,1,1,1,-0.16,-0.01,423.48,0.47,-0.07,1,0,0
1,1,1,1,1,-0.16,-0.01,422.95,0.47,-0.07,1,0,0
1,1,1,1,1,-0.16,-0.01,422.43,0.47,-0.07,1,0,0
1,1,1,1,1,-0.16,-0.01,421.90,0.47,-0.07,1,0,0
1,1,1,1,1,-0.16,-0.01,421.38,0.47,-0.07,1,0,0
1,1,1,1,1,-0.16,-0.00,420.85,0.47,-0.07,1,0,0
1,1,1,1,1,-0.16,-0.00,420.32,0.47,-0.07,1,0,0
1,1,1,1,1,-0.16,-0.01,419.79,0.47,-0.07,1,0,0
1,1,1,1,1,-0.16,-0.01,419.27,0.47,-0.07,1,0,0
1,1,1,1,1,-0.16,-0.01,418.74,0.47,-0.07,1,0,0
1,1,1,1,1,-0.16,-0.00,418.21,0.46,-0.07,1,0,0
1,1,1,1,1,-0.16,-0.00,417.68,0.46,-0.07,1,0,0
1,1,1,1,1,-0.15,-0.00,417.15,0.46,-0.07,1,0,0
1,1,1,1,1,-0.15,-0.00,416.63,0.46,-0.07,1,0,0
1,1,1,1,1,-0.15,-0.00,416.10,0.46,-0.07,1,0,0
1,1,1,1,1,-0.15,-0.00,415.57,0.46,-0.07,1,0,0
1,1,1,1,1,-0.15,-0.00,415.04,0.46,-0.07,1,0,0
1,1,1,1,1,-0.15,-0.00,414.52,0.46,-0.07,1,0,0
1,1,1,1,1,-0.15,-0.00,413.99,0.46,-0.07,1,0,0
1,1,1,1,1,-0.15,-0.00,413.47,0.46,-0.07,1,0,0
1,1,1,1,1,-0.15,-0.00,412.95,0.46,-0.07,1,0,0
1,1,1,1,1,-0.15,-0.00,412.42,0.46,-0.07,1,0,0
1,1,1,1,1,-0.15,-0.00,411.90,0.46,-0.07,1,0,0
1,1,1,1,1,-0.15,-0.00,411.37,0.46,-0.07,1,0,0
1,1,1,1,1,-0.15,-0.00,410.84,0.46,-0.07,1,0,0
1,1,1,1,1,-0.15,-0.00,410.31,0.46,-0.07,1,0,0
1,1,1,1,1,-0.15,-0.00,409.79,0.46,-0.07,1,0,0
1,1,1,1,1,-0.15,-0.00,409.26,0.45,-0.07,1,0,0
1,1,1,1,1,-0.15,-0.00,408.73,0.45,-0.07,1,0,0
1,1,1,1,1,-0.15,-0.00,408.21,0.45,-0.07,1,0,0
1,1,1,1,1,-0.15,-0.00,407.68,0.45,-0.07,1,0,0
1,1,1,1,1,-0.15,-0.00,407.16,0.45,-0.07,1,0,0
1,1,1,1,1,-0.15,-0.00,406.63,0.45,-0.07,1,0,0
1,1,1,1,1,-0.15,-0.00,406.10,0.45,-0.07,1,0,0
1,1,1,1,1,-0.15,-0.00,405.57,0.45,-0.07,1,0,0
1,1,1,1,1,-0.15,-0.00,405.05,0.45,-0.07,1,0,0
1,1,1,1,1,-0.15,-0.00,404.52,0.45,-0.07,1,0,0
1,1,1,1,1,-0.15,-0.00,403.99,0.45,-0.07,1,0,0
1,1,1,1,1,-0.14,-0.00,403.46,0.45,-0.07,1,0,0
1,1,1,1,1,-0.14,-0.00,402.94,0.45,-0.07,1,0,0
1,1,1,1,1,-0.14,-0.00,402.41,0.45,-0.07,1,0,0
1,1,1,1,1,-0.14,-0.00,401.88,0.45,-0.07,1,0,0
1,1,1,1,1,-0.14,-0.00,401.35,0.45,-0.07,1,0,0
1,1,1,1,1,-0.14,-0.00,400.83,0.45,-0.07,1,0,0
1,1,1,1,1,-0.14,-0.00,400.30,0.44,-0.07,1,0,0
1,1,1,1,1,-0.13,0.01,399.77,0.44,-0.07,1,0,0
1,1,1,1,1,-0.13,0.01,399.24,0.44,-0.07,1,0,0
1,1,1,1,1,-0.13,0.01,398.72,0.44,-0.07,1,0,0
1,1,1,1,1,-0.13,0.00,398.19,0.44,-0.07,1,0,0
1,1,1,1,1,-0.13,0.00,397.67,0.44,-0.07,1,0,0
1,1,1,1,1,-0.13,0.00,397.14,0.44,-0.07,1,0,0
1,1,1,1,1,-0.13,0.00,396.61,0.44,-0.07,1,0,0
1,1,1,1,1,-0.13,0.00,396.08,0.44,-0.07,1,0,0
1,1,1,1,1,-0.13,0.00,395.56,0.44,-0.07,1,0,0
1,1,1,1,1,-0.13,0.00,395.03,0.44,-0.07,1,0,0
1,1,1,1,1,-0.12,0.00,394.50,0.44,-0.07,1,0,0
1,1,1,1,1,-0.12,0.00,393.97,0.44,-0.07,1,0,0
1,1,1,1,1,-0.12,0.00,393.44,0.44,-0.07,1,0,0
1,1,1,1,1,-0.12,0.00,392.92,0.44,-0.07,1,0,0
1,1,1,1,1,-0.12,0.01,392.39,0.44,-0.07,1,0,0
1,1,1,1,1,-0.12,0.01,391.86,0.44,-0.07,1,0,0
1,1,1,1,1,-0.11,0.01,391.33,0.43,-0.07,1,0,0
1,1,1,1,1,-0.11,0.01,390.80,0.43,-0.07,1,0,0
1,1,1,1,1,-0.11,0.01,390.28,0.43,-0.07,1,0,0
1,1,1,1,1,-0.11,0.01,389.75,0.43,-0.07,1,0,0
1,1,1,1,1,-0.11,0.01,389.27,0.43,-0.07,1,0,1
1,1,1,1,1,-0.11,0.02,388.74,0.43,-0.07,1,0,1
1,1,1,1,1,-0.11,0.01,388.21,0.43,-0.07,1,0,1
1,1,1,1,1,-0.11,0.00,387.69,0.43,-0.07,1,0,1
1,1,1,1,1,-0.11,0.01,387.16,0.43,-0.07,1,0,1
1,1,1,1,1,-0.10,0.00,386.64,0.43,-0.07,1,0,1
1,1,1,1,1,-0.10,0.00,386.11,0.43,-0.07,1,0,1
1,1,1,1,1,-0.10,0.00,385.59,0.43,-0.07,1,0,1
1,1,1,1,1,-0.10,0.00,385.06,0.43,-0.07,1,0,1
1,1,1,1,1,-0.10,0.00,384.53,0.43,-0.07,1,0,1
1,1,1,1,1,-0.10,0.00,384.00,0.43,-0.07,1,0,1
1,1,1,1,1,-0.10,0.00,383.47,0.43,-0.07,1,0,1
1,1,1,1,1,-0.10,0.00,382.94,0.43,-0.07,1,0,1
1,1,1,1,1,-0.10,0.00,382.42,0.42,-0.07,1,0,1
1,1,1,1,1,-0.10,0.00,381.89,0.42,-0.07,1,0,1
1,1,1,1,1,-0.10,0.00,381.36,0.42,-0.07,1,0,1
1,1,1,1,1,-0.10,0.00,380.83,0.42,-0.07,1,0,1
1,1,1,1,1,-0.10,0.00,380.31,0.42,-0.07,1,0,1
1,1,1,1,1,-0.10,0.00,379.78,0.42,-0.07,1,0,1
1,1,1,1,1,-0.10,0.01,379.25,0.42,-0.07,1,0,1
1,1,1,1,1,-0.10,0.00,378.72,0.42,-0.07,1,0,1
1,1,1,1,1,-0.10,0.01,378.19,0.42,-0.07,1,0,1
1,1,1,1,1,-0.10,0.01,377.67,0.42,-0.07,1,0,1
1,1,1,1,1,-0.10,0.01,377.14,0.42,-0.07,1,0,1
1,1,1,1,1,-0.10,0.01,376.61,0.42,-0.07,1,0,1
1,1,1,1,1,-0.10,0.01,376.09,0.42,-0.07,1,0,1
1,1,1,1,1,-0.10,0.01,375.56,0.42,-0.07,1,0,1
1,1,1,1,1,-0.10,0.01,375.03,0.42,-0.07,1,0,1
1,1,1,1,1,-0.10,0.01,374.51,0.42,-0.07,1,0,1
1,1,1,1,1,-0.10,0.01,373.98,0.42,-0.07,1,0,1
1,1,1,1,1,-0.10,0.01,373.45,0.41,-0.07,1,0,1
1,1,1,1,1,-0.09,0.01,372.92,0.41,-0.07,1,0,1
1,1,1,1,1,-0.10,0.01,372.39,0.41,-0.07,1,0,1
1,1,1,1,1,-0.10,0.01,371.87,0.41,-0.07,1,0,1
1,1,1,1,1,-0.10,0.01,371.34,0.41,-0.07,1,0,1
1,1,1,1,1,-0.10,0.01,370.81,0.41,-0.07,1,0,1
1,1,1,1,1,-0.10,0.01,370.28,0.41,-0.07,1,0,1
1,1,1,1,1,-0.10,0.01,369.76,0.41,-0.07,1,0,1
1,1,1,1,1,-0.10,0.01,369.23,0.41,-0.07,1,0,1
1,1,1,1,1,-0.10,0.01,368.70,0.41,-0.07,1,0,1
1,1,1,1,1,-0.10,0.01,368.17,0.41,-0.07,1,0,1
1,1,1,1,1,-0.10,0.00,367.64,0.41,-0.07,1,0,1
1,1,1,1,1,-0.10,0.00,367.12,0.41,-0.07,1,0,1
1,1,1,1,1,-0.10,0.00,366.59,0.41,-0.07,1,0,1
1,1,1,1,1,-0.10,0.00,366.06,0.41,-0.07,1,0,1
1,1,1,1,1,-0.10,0.00,365.53,0.41,-0.07,1,0,1
1,1,1,1,1,-0.10,0.00,365.00,0.41,-0.07,1,0,1
1,1,1,1,1,-0.10,0.00,364.48,0.40,-0.07,1,0,1
1,1,1,1,1,-0.10,0.01,363.95,0.40,-0.07,1,0,1
1,1,1,1,1,-0.10,0.01,363.42,0.40,-0.07,1,0,1
1,1,1,1,1,-0.10,0.00,362.89,0.40,-0.07,1,0,1
1,1,1,1,1,-0.10,0.00,362.37,0.40,-0.07,1,0,1
1,1,1,1,1,-0.10,0.00,361.84,0.40,-0.07,1,0,1
1,1,1,1,1,-0.10,0.00,361.31,0.40,-0.07,1,0,1
1,1,1,1,1,-0.10,0.01,360.78,0.40,-0.07,1,0,1
1,1,1,1,1,-0.10,0.01,360.25,0.40,-0.07,1,0,1
1,1,1,1,1,-0.10,0.01,359.72,0.40,-0.07,1,0,1
1,1,1,1,1,-0.10,0.01,359.20,0.40,-0.07,1,0,1
1,1,1,1,1,-0.10,0.01,358.67,0.40,-0.07,1,0,1
1,1,1,1,1,-0.10,0.00,358.14,0.40,-0.07,1,0,1
1,1,1,1,1,-0.10,0.00,357.61,0.40,-0.07,1,0,1
1,1,1,1,1,-0.10,0.00,357.09,0.40,-0.07,1,0,1
1,1,1,1,1,-0.10,0.00,356.56,0.40,-0.07,1,0,1
1,1,1,1,1,-0.10,0.00,356.03,0.40,-0.07,1,0,1
1,1,1,1,1,-0.10,0.00,355.50,0.40,-0.07,1,0,1
1,1,1,1,1,-0.10,-0.00,354.97,0.39,-0.07,1,0,1
1,1,1,1,1,-0.10,-0.00,354.45,0.39,-0.07,1,0,1
1,1,1,1,1,-0.11,-0.00,353.92,0.39,-0.07,1,0,1
1,1,1,1,1,-0.11,-0.00,353.39,0.39,-0.07,1,0,1
1,1,1,1,1,-0.11,-0.00,352.86,0.39,-0.07,1,0,1
1,1,1,1,1,-0.11,-0.00,352.34,0.39,-0.07,1,0,1
1,1,1,1,1,-0.11,-0.00,351.81,0.39,-0.07,1,0,1
1,1,1,1,1,-0.11,-0.00,351.28,0.39,-0.07,1,0,1
1,1,1,1,1,-0.11,-0.00,350.75,0.39,-0.07,1,0,1
1,1,1,1,1,-0.11,-0.00,350.23,0.39,-0.07,1,0,1
1,1,1,1,1,-0.12,-0.00,349.70,0.39,-0.07,1,0,1
1,1,1,1,1,-0.12,-0.00,349.17,0.39,-0.07,1,0,1
1,1,1,1,1,-0.12,-0.00,348.64,0.39,-0.07,1,0,1
1,1,1,1,1,-0.12,-0.00,348.12,0.39,-0.07,1,0,1
1,1,1,1,1,-0.12,-0.00,347.59,0.39,-0.07,1,0,1
1,1,1,1,1,-0.12,-0.00,347.06,0.39,-0.07,1,0,1
1,1,1,1,1,-0.12,-0.00,346.53,0.39,-0.07,1,0,1
1,1,1,1,1,-0.12,-0.00,346.01,0.38,-0.07,1,0,1
1,1,1,1,1,-0.12,-0.00,345.48,0.38,-0.07,1,0,1
1,1,1,1,1,-0.12,-0.00,344.95,0.38,-0.07,1,0,1
1,1,1,1,1,-0.12,-0.00,344.42,0.38,-0.07,1,0,1
1,1,1,1,1,-0.12,-0.00,343.90,0.38,-0.07,1,0,1
1,1,1,1,1,-0.12,-0.00,343.37,0.38,-0.07,1,0,1
1,1,1,1,1,-0.12,-0.00,342.84,0.38,-0.07,1,0,1
1,1,1,1,1,-0.12,-0.00,342.31,0.38,-0.07,1,0,1
1,1,1,1,1,-0.12,-0.00,341.79,0.38,-0.07,1,0,1
1,1,1,1,1,-0.12,-0.00,341.26,0.38,-0.07,1,0,1
1,1,1,1,1,-0.12,-0.00,340.73,0.38,-0.07,1,0,1
1,1,1,1,1,-0.12,-0.00,340.21,0.38,-0.07,1,0,1
1,1,1,1,1,-0.12,-0.00,339.68,0.38,-0.07,1,0,1
1,1,1,1,1,-0.12,-0.00,339.16,0.38,-0.07,1,0,1
1,1,1,1,1,-0.12,-0.00,338.63,0.38,-0.07,1,0,1
1,1,1,1,1,-0.12,-0.00,338.10,0.38,-0.07,1,0,1
1,1,1,1,1,-0.12,-0.00,337.57,0.38,-0.07,1,0,1
1,1,1,1,1,-0.12,-0.00,337.05,0.37,-0.07,1,0,1
1,1,1,1,1,-0.12,-0.00,336.52,0.37,-0.07,1,0,1
1,1,1,1,1,-0.12,-0.00,335.99,0.37,-0.07,1,0,1
1,1,1,1,1,-0.12,-0.00,335.46,0.37,-0.07,1,0,1
1,1,1,1,1,-0.12,-0.00,334.94,0.37,-0.07,1,0,1
1,1,1,1,1,-0.12,-0.00,334.41,0.37,-0.07,1,0,1
1,1,1,1,1,-0.12,-0.00,333.88,0.37,-0.07,1,0,1
1,1,1,1,1,-0.12,-0.00,333.35,0.37,-0.07,1,0,1
1,1,1,1,1,-0.12,-0.00,332.83,0.37,-0.07,1,0,1
1,1,1,1,1,-0.12,-0.00,332.30,0.37,-0.07,1,0,1
1,1,1,1,1,-0.12,-0.00,331.77,0.37,-0.07,1,0,1
1,1,1,1,1,-0.12,-0.00,331.24,0.37,-0.07,1,0,1
1,1,1,1,1,-0.12,-0.00,330.72,0.37,-0.07,1,0,1
1,1,1,1,1,-0.12,-0.00,330.19,0.37,-0.07,1,0,1
1,1,1,1,1,-0.12,-0.00,329.66,0.37,-0.07,1,0,1
1,1,1,1,1,-0.12,-0.00,329.13,0.37,-0.07,1,0,1
1,1,1,1,1,-0.12,-0.00,328.61,0.37,-0.07,1,0,1
1,1,1,1,1,-0.12,-0.00,328.08,0.36,-0.07,1,0,1
1,1,1,1,1,-0.13,-0.00,327.55,0.36,-0.07,1,0,1
1,1,1,1,1,-0.13,-0.00,327.02,0.36,-0.07,1,0,1
1,1,1,1,1,-0.13,-0.00,326.50,0.36,-0.07,1,0,1
1,1,1,1,1,-0.13,-0.00,325.97,0.36,-0.07,1,0,1
1,1,1,1,1,-0.13,-0.00,325.45,0.36,-0.07,1,0,1
1,1,1,1,1,-0.13,-0.00,324.93,0.36,-0.07,1,0,1
1,1,1,1,1,-0.13,-0.00,324.40,0.36,-0.07,1,0,1
1,1,1,1,1,-0.13,-0.00,323.87,0.36,-0.07,1,0,1
1,1,1,1,1,-0.13,-0.00,323.34,0.36,-0.07,1,0,1
1,1,1,1,1,-0.13,-0.00,322.82,0.36,-0.07,1,0,1
1,1,1,1,1,-0.13,-0.00,322.29,0.36,-0.07,1,0,1
1,1,1,1,1,-0.13,-0.00,321.76,0.36,-0.07,1,0,1
1,1,1,1,1,-0.13,-0.00,321.23,0.36,-0.07,1,0,1
1,1,1,1,1,-0.13,-0.00,320.71,0.36,-0.07,1,0,1
1,1,1,1,1,-0.13,-0.00,320.18,0.36,-0.07,1,0,1
1,1,1,1,1,-0.13,-0.00,319.65,0.36,-0.07,1,0,1
1,1,1,1,1,-0.13,-0.00,319.12,0.35,-0.07,1,0,1
1,1,1,1,1,-0.13,-0.00,318.60,0.35,-0.07,1,0,1
1,1,1,1,1,-0.13,-0.00,318.07,0.35,-0.07,1,0,1
1,1,1,1,1,-0.12,-0.00,317.54,0.35,-0.07,1,0,1
1,1,1,1,1,-0.12,-0.00,317.01,0.35,-0.07,1,0,1
1,1,1,1,1,-0.12,-0.00,316.49,0.35,-0.07,1,0,1
1,1,1,1,1,-0.12,-0.00,315.96,0.35,-0.07,1,0,1
1,1,1,1,1,-0.12,-0.00,315.43,0.35,-0.07,1,0,1
1,1,1,1,1,-0.12,-0.00,314.90,0.35,-0.07,1,0,1
1,1,1,1,1,-0.12,-0.00,314.38,0.35,-0.07,1,0,1
1,1,1,1,1,-0.12,-0.00,313.85,0.35,-0.07,1,0,1
1,1,1,1,1,-0.12,-0.00,313.32,0.35,-0.07,1,0,1
1,1,1,1,1,-0.12,-0.00,312.79,0.35,-0.07,1,0,1
1,1,1,1,1,-0.12,-0.00,312.27,0.35,-0.07,1,0,1
1,1,1,1,1,-0.12,-0.00,311.74,0.35,-0.07,1,0,1
1,1,1,1,1,-0.12,-0.00,311.21,0.35,-0.07,1,0,1
1,1,1,1,1,-0.12,-0.00,310.68,0.35,-0.07,1,0,1
1,1,1,1,1,-0.12,-0.00,310.16,0.34,-0.07,1,0,1
1,1,1,1,1,-0.12,-0.00,309.63,0.34,-0.07,1,0,1
1,1,1,1,1,-0.11,-0.00,309.10,0.34,-0.07,1,0,1
1,1,1,1,1,-0.11,-0.00,308.57,0.34,-0.07,1,0,1
1,1,1,1,1,-0.11,-0.00,308.05,0.34,-0.07,1,0,1
1,1,1,1,1,-0.11,-0.00,307.52,0.34,-0.07,1,0,1
1,1,1,1,1,-0.11,-0.00,306.99,0.34,-0.07,1,0,1
1,1,1,1,1,-0.11,-0.00,306.46,0.34,-0.07,1,0,1
1,1,1,1,1,-0.12,-0.00,305.94,0.34,-0.07,1,0,1
1,1,1,1,1,-0.12,-0.00,305.41,0.34,-0.07,1,0,1
1,1,1,1,1,-0.12,-0.00,304.88,0.34,-0.07,1,0,1
1,1,1,1,1,-0.12,0.00,304.35,0.34,-0.07,1,0,1
1,1,1,1,1,-0.12,0.00,303.83,0.34,-0.07,1,0,1
1,1,1,1,1,-0.12,0.00,303.30,0.34,-0.07,1,0,1
1,1,1,1,1,-0.12,0.00,302.77,0.34,-0.07,1,0,1
1,1,1,1,1,-0.12,0.00,302.24,0.34,-0.07,1,0,1
1,1,1,1,1,-0.12,0.00,301.71,0.34,-0.07,1,0,1
1,1,1,1,1,-0.12,0.00,301.19,0.33,-0.07,1,0,1
1,1,1,1,1,-0.12,0.00,300.66,0.33,-0.07,1,0,1
1,1,1,1,1,-0.12,0.00,300.13,0.33,-0.07,1,0,1
1,1,1,1,1,-0.12,0.00,299.60,0.33,-0.07,1,0,1
1,1,1,1,1,-0.12,0.00,299.07,0.33,-0.07,1,0,1
1,1,1,1,1,-0.12,0.00,298.55,0.33,-0.07,1,0,1
1,1,1,1,1,-0.12,0.00,298.02,0.33,-0.07,1,0,1
1,1,1,1,1,-0.12,0.00,297.49,0.33,-0.07,1,0,1
1,1,1,1,1,-0.12,0.00,296.96,0.33,-0.07,1,0,1
1,1,1,1,1,-0.12,0.00,296.43,0.33,-0.07,1,0,1
1,1,1,1,1,-0.12,0.01,295.91,0.33,-0.07,1,0,1
1,1,1,1,1,-0.12,0.01,295.38,0.33,-0.07,1,0,1
1,1,1,1,1,-0.12,0.01,294.85,0.33,-0.07,1,0,1
1,1,1,1,1,-0.11,0.01,294.32,0.33,-0.07,1,0,1
1,1,1,1,1,-0.11,0.01,293.80,0.33,-0.07,1,0,1
1,1,1,1,1,-0.11,0.01,293.27,0.33,-0.07,1,0,1
1,1,1,1,1,-0.11,0.02,292.74,0.33,-0.07,1,0,1
1,1,1,1,1,-0.11,0.02,292.21,0.32,-0.07,1,0,1
1,1,1,1,1,-0.11,0.02,291.69,0.32,-0.07,1,0,1
1,1,1,1,1,-0.11,0.02,291.16,0.32,-0.07,1,0,1
1,1,1,1,1,-0.11,0.02,290.63,0.32,-0.07,1,0,1
1,1,1,1,1,-0.11,0.02,290.11,0.32,-0.07,1,0,1
1,1,1,1,1,-0.11,0.02,289.58,0.32,-0.07,1,0,1
1,1,1,1,1,-0.11,0.02,289.09,0.32,-0.07,1,0,2
1,1,1,1,1,-0.11,0.01,288.57,0.32,-0.07,1,0,2
1,1,1,1,1,-0.11,0.01,288.04,0.32,-0.07,1,0,2
1,1,1,1,1,-0.11,0.01,287.51,0.32,-0.07,1,0,2
1,1,1,1,1,-0.11,0.01,286.98,0.32,-0.07,1,0,2
1,1,1,1,1,-0.11,0.01,286.46,0.32,-0.07,1,0,2
1,1,1,1,1,-0.11,0.01,285.93,0.32,-0.07,1,0,2
1,1,1,1,1,-0.11,0.01,285.40,0.32,-0.07,1,0,2
1,1,1,1,1,-0.11,0.01,284.88,0.32,-0.07,1,0,2
1,1,1,1,1,-0.11,0.01,284.35,0.32,-0.07,1,0,2
1,1,1,1,1,-0.11,0.01,283.82,0.32,-0.07,1,0,2
1,1,1,1,1,-0.11,0.01,283.30,0.31,-0.07,1,0,2
1,1,1,1,1,-0.11,0.01,282.77,0.31,-0.07,1,0,2
1,1,1,1,1,-0.11,0.01,282.24,0.31,-0.07,1,0,2
1,1,1,1,1,-0.11,0.01,281.71,0.31,-0.07,1,0,2
1,1,1,1,1,-0.11,0.01,281.19,0.31,-0.07,1,0,2
1,1,1,1,1,-0.11,0.01,280.66,0.31,-0.07,1,0,2
1,1,1,1,1,-0.11,0.01,280.13,0.31,-0.07,1,0,2
1,1,1,1,1,-0.11,0.01,279.60,0.31,-0.07,1,0,2
1,1,1,1,1,-0.11,0.01,279.07,0.31,-0.07,1,0,2
1,1,1,1,1,-0.11,0.01,278.55,0.31,-0.07,1,0,2
1,1,1,1,1,-0.11,0.01,278.02,0.31,-0.07,1,0,2
1,1,1,1,1,-0.11,0.01,277.49,0.31,-0.07,1,0,2
1,1,1,1,1,-0.11,0.01,276.96,0.31,-0.07,1,0,2
1,1,1,1,1,-0.11,0.01,276.43,0.31,-0.07,1,0,2
1,1,1,1,1,-0.11,0.01,275.91,0.31,-0.07,1,0,2
1,1,1,1,1,-0.11,0.01,275.38,0.31,-0.07,1,0,2
1,1,1,1,1,-0.11,0.01,274.85,0.31,-0.07,1,0,2
1,1,1,1,1,-0.11,0.00,274.32,0.30,-0.07,1,0,2
1,1,1,1,1,-0.11,0.00,273.80,0.30,-0.07,1,0,2
1,1,1,1,1,-0.11,0.01,273.27,0.30,-0.07,1,0,2
1,1,1,1,1,-0.11,0.01,272.74,0.30,-0.07,1,0,2
1,1,1,1,1,-0.11,0.00,272.21,0.30,-0.07,1,0,2
1,1,1,1,1,-0.11,0.00,271.69,0.30,-0.07,1,0,2
1,1,1,1,1,-0.11,0.00,271.16,0.30,-0.07,1,0,2
1,1,1,1,1,-0.11,0.00,270.63,0.30,-0.07,1,0,2
1,1,1,1,1,-0.11,0.00,270.10,0.30,-0.07,1,0,2
1,1,1,1,1,-0.11,0.00,269.57,0.30,-0.07,1,0,2
1,1,1,1,1,-0.11,0.00,269.05,0.30,-0.07,1,0,2
1,1,1,1,1,-0.11,0.00,268.52,0.30,-0.07,1,0,2
1,1,1,1,1,-0.11,0.00,267.99,0.30,-0.07,1,0,2
1,1,1,1,1,-0.11,0.00,267.46,0.30,-0.07,1,0,2
1,1,1,1,1,-0.11,0.00,266.93,0.30,-0.07,1,0,2
1,1,1,1,1,-0.11,0.00,266.41,0.30,-0.07,1,0,2
1,1,1,1,1,-0.11,0.00,265.88,0.30,-0.07,1,0,2
1,1,1,1,1,-0.11,0.00,265.35,0.29,-0.07,1,0,2
1,1,1,1,1,-0.11,0.00,264.82,0.29,-0.07,1,0,2
1,1,1,1,1,-0.11,0.00,264.30,0.29,-0.07,1,0,2
1,1,1,1,1,-0.11,0.00,263.77,0.29,-0.07,1,0,2
1,1,1,1,1,-0.11,0.00,263.24,0.29,-0.07,1,0,2
1,1,1,1,1,-0.11,0.00,262.72,0.29,-0.07,1,0,2
1,1,1,1,1,-0.11,0.00,262.19,0.29,-0.07,1,0,2
1,1,1,1,1,-0.11,0.00,261.66,0.29,-0.07,1,0,2
1,1,1,1,1,-0.11,0.00,261.14,0.29,-0.07,1,0,2
1,1,1,1,1,-0.11,0.00,260.61,0.29,-0.07,1,0,2
1,1,1,1,1,-0.11,0.00,260.08,0.29,-0.07,1,0,2
1,1,1,1,1,-0.11,0.00,259.55,0.29,-0.07,1,0,2
1,1,1,1,1,-0.11,0.00,259.03,0.29,-0.07,1,0,2
1,1,1,1,1,-0.11,0.00,258.50,0.29,-0.07,1,0,2
1,1,1,1,1,-0.11,0.00,257.97,0.29,-0.07,1,0,2
1,1,1,1,1,-0.11,0.00,257.44,0.29,-0.07,1,0,2
1,1,1,1,1,-0.11,0.00,256.91,0.29,-0.07,1,0,2
1,1,1,1,1,-0.11,0.00,256.39,0.28,-0.07,1,0,2
1,1,1,1,1,-0.12,0.00,255.86,0.28,-0.07,1,0,2
1,1,1,1,1,-0.12,0.00,255.33,0.28,-0.07,1,0,2
1,1,1,1,1,-0.12,0.00,254.80,0.28,-0.07,1,0,2
1,1,1,1,1,-0.12,0.00,254.27,0.28,-0.07,1,0,2
1,1,1,1,1,-0.12,0.00,253.75,0.28,-0.07,1,0,2
1,1,1,1,1,-0.12,0.00,253.22,0.28,-0.07,1,0,2
1,1,1,1,1,-0.12,0.00,252.69,0.28,-0.07,1,0,2
1,1,1,1,1,-0.12,0.00,252.16,0.28,-0.07,1,0,2
1,1,1,1,1,-0.12,0.00,251.63,0.28,-0.07,1,0,2
1,1,1,1,1,-0.12,0.00,251.11,0.28,-0.07,1,0,2
1,1,1,1,1,-0.12,0.00,250.58,0.28,-0.07,1,0,2
1,1,1,1,1,-0.12,0.00,250.05,0.28,-0.07,1,0,2
1,1,1,1,1,-0.12,0.00,244.19,0.27,-0.07,1,0,2
1,1,1,1,1,-0.12,0.00,237.82,0.26,-0.07,1,0,2
1,1,1,1,1,-0.12,0.00,231.64,0.26,-0.07,1,0,2
1,1,1,1,1,-0.12,0.00,225.60,0.25,-0.07,1,0,2
1,1,1,1,1,-0.12,0.00,219.73,0.24,-0.07,1,0,2
1,1,1,1,1,-0.13,0.00,214.01,0.24,-0.07,1,0,2
1,1,1,1,1,-0.13,0.00,208.44,0.23,-0.07,1,0,2
1,1,1,1,1,-0.13,0.00,203.01,0.23,-0.07,1,0,2
1,1,1,1,1,-0.13,0.00,197.73,0.22,-0.07,1,0,2
1,1,1,1,1,-0.13,0.00,192.58,0.21,-0.07,1,0,2
1,1,1,1,1,-0.13,0.00,187.57,0.21,-0.07,1,0,2
1,1,1,1,1,-0.13,0.00,182.68,0.20,-0.07,1,0,2
1,1,1,1,1,-0.13,0.00,177.93,0.20,-0.07,1,0,2
1,1,1,1,1,-0.13,0.00,173.30,0.19,-0.07,1,0,2
1,1,1,1,1,-0.13,0.00,168.79,0.19,-0.07,1,0,2
1,1,1,1,1,-0.13,0.00,164.39,0.18,-0.07,1,0,2
1,1,1,1,1,-0.13,0.00,160.11,0.18,-0.07,1,0,2
1,1,1,1,1,-0.13,0.00,155.94,0.17,-0.07,1,0,2
1,1,1,1,1,-0.13,0.00,151.88,0.17,-0.07,1,0,2
1,1,1,1,1,-0.14,0.00,147.93,0.16,-0.07,1,0,2
1,1,1,1,1,-0.14,0.00,144.08,0.16,-0.07,1,0,2
1,1,1,1,1,-0.14,0.00,140.33,0.16,-0.07,1,0,2
1,1,1,1,1,-0.14,0.00,136.68,0.15,-0.07,1,0,2
1,1,1,1,1,-0.14,0.00,133.12,0.15,-0.07,1,0,2
1,1,1,1,1,-0.14,0.00,129.66,0.14,-0.07,1,0,2
1,1,1,1,1,-0.14,0.00,126.28,0.14,-0.07,1,0,2
1,1,1,1,1,-0.14,0.00,122.99,0.14,-0.07,1,0,2
1,1,1,1,1,-0.14,0.00,119.79,0.13,-0.07,1,0,2
1,1,1,1,1,-0.13,0.00,116.67,0.13,-0.07,1,0,2
1,1,1,1,1,-0.13,0.00,113.63,0.13,-0.07,1,0,2
1,1,1,1,1,-0.13,0.00,110.68,0.12,-0.07,1,0,2
1,1,1,1,1,-0.13,0.00,107.80,0.12,-0.07,1,0,2
1,1,1,1,1,-0.13,0.00,104.99,0.12,-0.07,1,0,2
1,1,1,1,1,-0.13,0.00,102.31,0.11,-0.07,1,0,2
1,1,1,1,1,-0.13,0.00,99.64,0.11,-0.07,1,0,2
1,1,1,1,1,-0.13,0.00,97.05,0.11,-0.07,1,0,2
1,1,1,1,1,-0.13,0.00,94.54,0.11,-0.07,1,0,2
1,1,1,1,1,-0.13,-0.00,92.09,0.10,-0.07,1,0,2
1,1,1,1,1,-0.13,-0.00,89.70,0.10,-0.07,1,0,2
1,1,1,1,1,-0.14,-0.00,87.36,0.10,-0.07,1,0,2
1,1,1,1,1,-0.14,-0.00,85.09,0.09,-0.07,1,0,2
1,1,1,1,1,-0.14,-0.00,82.87,0.09,-0.07,1,0,2
1,1,1,1,1,-0.14,-0.00,80.71,0.09,-0.07,1,0,2
1,1,1,1,1,-0.14,-0.00,78.61,0.09,-0.07,1,0,2
1,1,1,1,1,-0.14,-0.00,76.57,0.09,-0.07,1,0,2
1,1,1,1,1,-0.14,-0.00,74.57,0.08,-0.07,1,0,2
1,1,1,1,1,-0.14,-0.00,72.63,0.08,-0.07,1,0,2
1,1,1,1,1,-0.14,-0.00,70.74,0.08,-0.07,1,0,2
1,1,1,1,1,-0.14,-0.00,68.90,0.08,-0.07,1,0,2
1,1,1,1,1,-0.14,-0.00,67.10,0.07,-0.07,1,0,2
1,1,1,1,1,-0.14,-0.00,65.36,0.07,-0.07,1,0,2
1,1,1,1,1,-0.14,-0.00,63.66,0.07,-0.07,1,0,2
1,1,1,1,1,-0.14,-0.00,62.00,0.07,-0.07,1,0,2
1,1,1,1,1,-0.14,-0.00,60.39,0.07,-0.07,1,0,2
1,1,1,1,1,-0.14,-0.00,58.81,0.07,-0.07,1,0,2
1,1,1,1,1,-0.14,-0.00,57.28,0.06,-0.07,1,0,2
1,1,1,1,1,-0.14,-0.00,55.79,0.06,-0.07,1,0,2
1,1,1,1,1,-0.14,-0.00,54.34,0.06,-0.07,1,0,2
1,1,1,1,1,-0.14,-0.00,52.93,0.06,-0.07,1,0,2
1,1,1,1,1,-0.14,-0.00,51.55,0.06,-0.07,1,0,2
1,1,1,1,1,-0.14,-0.00,50.21,0.06,-0.07,1,0,2
1,1,1,1,1,-0.14,-0.00,48.90,0.05,-0.07,1,0,2
1,1,1,1,1,-0.14,-0.00,47.63,0.05,-0.07,1,0,2
1,1,1,1,1,-0.14,-0.00,46.39,0.05,-0.07,1,0,2
1,1,1,1,1,-0.14,-0.00,45.18,0.05,-0.07,1,0,2
1,1,1,1,1,-0.14,-0.00,44.00,0.05,-0.07,1,0,2
1,1,1,1,1,-0.14,-0.00,42.86,0.05,-0.07,1,0,2
1,1,1,1,1,-0.14,-0.00,41.74,0.05,-0.07,1,0,2
0,1,1,1,1,-0.14,-0.00,40.66,0.05,-0.14,1,0,2
0,1,1,1,1,-0.14,-0.00,39.60,0.04,-0.14,1,0,2
0,1,1,1,1,-0.14,-0.00,38.57,0.04,-0.14,1,0,2
0,1,1,1,1,-0.13,-0.00,37.56,0.04,-0.13,1,0,2
0,1,1,1,1,-0.13,-0.00,36.59,0.04,-0.13,1,0,2
0,1,1,1,1,-0.13,-0.00,35.63,0.04,-0.13,1,0,2
0,1,1,1,1,-0.13,-0.00,34.71,0.04,-0.13,1,0,2
0,1,1,1,1,-0.13,-0.00,33.80,0.04,-0.13,1,0,2
0,1,1,1,1,-0.13,-0.00,32.92,0.04,-0.13,1,0,2
0,1,1,1,1,-0.14,-0.00,32.07,0.04,-0.14,1,0,2
0,1,1,1,1,-0.14,-0.00,31.23,0.03,-0.14,1,0,2
0,1,1,1,1,-0.14,-0.00,30.42,0.03,-0.14,1,0,2
0,1,1,1,1,-0.14,-0.00,29.63,0.03,-0.14,1,0,2
0,1,1,1,1,-0.14,-0.00,28.85,0.03,-0.14,1,0,2
0,1,1,1,1,-0.14,-0.00,28.10,0.03,-0.14,1,0,2
0,1,1,1,1,-0.14,-0.00,27.37,0.03,-0.14,1,0,2
0,1,1,1,1,-0.14,-0.00,26.66,0.03,-0.14,1,0,2
0,1,1,1,1,-0.14,-0.00,25.97,0.03,-0.14,1,0,2
0,1,1,1,1,-0.14,-0.00,25.30,0.03,-0.14,1,0,2
0,1,1,1,1,-0.14,-0.00,24.64,0.03,-0.14,1,0,2
0,1,1,1,1,-0.15,-0.00,24.01,0.03,-0.15,1,0,2
0,1,1,1,1,-0.15,-0.00,23.39,0.03,-0.15,1,0,2
0,1,1,1,1,-0.15,-0.00,22.78,0.03,-0.15,1,0,2
0,1,1,1,1,-0.15,-0.00,22.19,0.02,-0.15,1,0,2
0,1,1,1,1,-0.15,-0.00,21.61,0.02,-0.15,1,0,2
0,1,1,1,1,-0.15,-0.00,21.05,0.02,-0.15,1,0,2
0,1,1,1,1,-0.15,-0.00,20.50,0.02,-0.15,1,0,2
0,1,1,1,1,-0.15,-0.00,19.96,0.02,-0.15,1,0,2
0,1,1,1,1,-0.15,-0.00,19.45,0.02,-0.15,1,0,2
0,1,1,1,1,-0.15,-0.00,18.94,0.02,-0.15,1,0,2
0,1,1,1,1,-0.15,-0.00,18.45,0.02,-0.15,1,0,2
0,1,1,1,1,-0.15,-0.00,17.97,0.02,-0.15,1,0,2
0,1,1,1,1,-0.15,-0.00,17.51,0.02,-0.15,1,0,2
0,1,1,1,1,-0.15,-0.00,17.05,0.02,-0.15,1,0,2
0,1,1,1,1,-0.15,-0.00,16.61,0.02,-0.15,1,0,2
0,1,1,1,1,-0.15,-0.00,16.17,0.02,-0.15,1,0,2
0,1,1,1,1,-0.15,-0.00,15.75,0.02,-0.15,1,0,2
0,1,1,1,1,-0.15,-0.00,15.34,0.02,-0.15,1,0,2
0,1,1,1,1,-0.15,-0.00,14.94,0.02,-0.15,1,0,2
0,1,1,1,1,-0.15,-0.00,14.55,0.02,-0.15,1,0,2
0,1,1,1,1,-0.15,-0.00,14.18,0.02,-0.15,1,0,2
0,1,1,1,1,-0.15,-0.00,13.81,0.02,-0.15,1,0,2
0,1,1,1,1,-0.15,-0.00,13.45,0.01,-0.15,1,0,2
0,1,1,1,1,-0.15,-0.00,13.10,0.01,-0.15,1,0,2
0,1,1,1,1,-0.15,-0.00,12.76,0.01,-0.15,1,0,2
0,1,1,1,1,-0.15,-0.00,12.42,0.01,-0.15,1,0,2
0,1,1,1,1,-0.15,-0.00,12.10,0.01,-0.15,1,0,2
0,1,1,1,1,-0.15,-0.00,11.79,0.01,-0.15,1,0,2
0,1,1,1,1,-0.15,-0.00,11.48,0.01,-0.15,1,0,2
0,1,1,1,1,-0.15,-0.00,11.18,0.01,-0.15,1,0,2
0,1,1,1,1,-0.15,-0.00,10.89,0.01,-0.15,1,0,2
0,1,1,1,1,-0.15,-0.00,10.61,0.01,-0.15,1,0,2
0,1,1,1,1,-0.15,-0.00,10.33,0.01,-0.15,1,0,2
0,1,1,1,1,-0.15,-0.00,10.06,0.01,-0.15,1,0,2
0,1,1,1,1,-0.15,-0.00,9.80,0.01,-0.15,1,0,2
0,1,1,1,1,-0.15,-0.00,9.55,0.01,-0.15,1,0,2
0,1,1,1,1,-0.15,-0.00,9.30,0.01,-0.15,1,0,2
0,1,1,1,1,-0.15,-0.00,9.06,0.01,-0.15,1,0,2
0,1,1,1,1,-0.15,-0.00,8.82,0.01,-0.15,1,0,2
0,1,1,1,1,-0.15,-0.00,8.59,0.01,-0.15,1,0,2
0,1,1,1,1,-0.15,-0.00,8.37,0.01,-0.15,1,0,2
0,1,1,1,1,-0.15,-0.00,8.15,0.01,-0.15,1,0,2
0,1,1,1,1,-0.15,-0.00,7.94,0.01,-0.15,1,0,2
0,1,1,1,1,-0.15,-0.00,7.74,0.01,-0.15,1,0,2
0,1,1,1,1,-0.15,-0.00,7.54,0.01,-0.15,1,0,2
0,1,1,1,1,-0.15,-0.00,7.34,0.01,-0.15,1,0,2
0,1,1,1,1,-0.15,-0.00,7.15,0.01,-0.15,1,0,2
0,1,1,1,1,-0.15,-0.00,6.97,0.01,-0.15,1,0,2
0,1,1,1,1,-0.15,-0.00,6.79,0.01,-0.15,1,0,2
0,1,1,1,1,-0.15,-0.00,6.61,0.01,-0.15,1,0,2
0,0,0,0,0,-0.15,-0.00,5.68,0.01,-0.15,0,0,2
0,0,0,0,0,-0.16,-0.00,0.00,0.00,-0.16,0,0,2
0,0,0,0,0,-0.16,-0.00,0.00,0.00,-0.16,0,0,2
0,0,0,0,0,-0.16,-0.00,0.00,0.00,-0.16,0,0,2
0,0,0,0,0,-0.16,-0.00,0.00,0.00,-0.16,0,0,2
0,0,0,0,0,-0.16,-0.00,0.00,0.00,-0.16,0,0,2
0,0,0,0,0,-0.16,-0.00,0.00,0.00,-0.16,0,0,2
0,0,0,0,0,-0.16,-0.00,0.00,0.00,-0.16,0,0,2
0,0,0,0,0,-0.16,-0.00,0.00,0.00,-0.16,0,0,2
0,0,0,0,0,-0.16,-0.00,0.00,0.00,-0.16,0,0,2
0,0,0,0,0,-0.16,-0.00,0.00,0.00,-0.16,0,0,2
0,0,0,0,0,-0.16,-0.00,0.00,0.00,-0.16,1,26,2
0,0,0,0,0,-0.16,-0.00,0.00,0.00,-0.16,1,76,2
0,0,0,0,0,-0.16,-0.00,0.00,0.00,-0.16,1,126,2
0,0,0,0,0,-0.16,-0.00,0.00,0.00,-0.16,1,176,2
0,0,0,0,0,-0.16,-0.00,0.00,0.00,-0.16,1,226,2
0,0,0,0,0,-0.16,-0.00,0.00,0.00,-0.16,1,276,2
0,0,0,0,0,-0.16,-0.00,0.00,0.00,-0.16,1,326,2
0,0,0,0,0,-0.16,-0.00,0.00,0.00,-0.16,1,376,2
0,0,0,0,0,-0.16,-0.00,0.00,0.00,-0.16,1,426,2
0,0,0,0,0,-0.16,-0.00,0.00,0.00,-0.16,1,476,2
0,0,0,0,0,-0.16,-0.00,0.00,0.00,-0.16,1,525,2
0,0,0,0,0,-0.16,-0.00,0.00,0.00,-0.16,1,576,2
0,0,0,0,0,-0.16,-0.00,0.00,0.00,-0.16,1,626,2
0,0,0,0,0,-0.16,-0.00,0.00,0.00,-0.16,1,676,2
0,0,0,0,0,-0.16,-0.00,0.00,0.00,-0.16,1,726,2
0,0,0,0,0,-0.16,-0.00,0.00,0.00,-0.16,1,776,2
0,0,0,0,0,-0.16,-0.00,0.00,0.00,-0.16,1,826,2
0,0,0,0,0,-0.16,-0.00,0.00,0.00,-0.16,1,876,2
0,0,0,0,0,-0.16,-0.00,0.00,0.00,-0.16,1,926,2
0,0,0,0,0,-0.16,-0.00,0.00,0.00,-0.16,1,976,2
0,0,0,0,0,-0.16,-0.00,0.00,0.00,-0.16,1,1026,2
0,0,0,0,0,-0.16,-0.00,0.00,0.00,-0.16,1,1076,2
0,0,0,0,0,-0.16,-0.00,0.00,0.00,-0.16,1,1126,2
0,0,0,0,0,-0.16,-0.00,0.00,0.00,-0.16,1,1176,2
0,0,0,0,0,-0.16,-0.00,0.00,0.00,-0.16,1,1226,2
0,0,0,0,0,-0.16,-0.00,0.00,0.00,-0.16,1,1276,2
0,0,0,0,0,-0.16,-0.00,0.00,0.00,-0.16,1,1326,2
0,0,0,0,0,-0.16,-0.00,0.00,0.00,-0.16,1,1376,2
0,0,0,0,0,-0.16,-0.00,0.00,0.00,-0.16,1,1426,2
0,0,0,0,0,-0.16,-0.00,0.00,0.00,-0.16,1,1476,2
0,0,0,0,0,-0.16,-0.00,0.00,0.00,-0.16,1,1526,2
0,0,0,0,0,-0.16,-0.00,0.00,0.00,-0.16,1,1576,2
0,0,0,0,0,-0.16,-0.00,0.00,0.00,-0.16,1,1626,2
0,0,0,0,0,-0.16,-0.00,0.00,0.00,-0.16,1,1676,2
0,0,0,0,0,-0.16,-0.00,0.00,0.00,-0.16,1,1726,2
0,0,0,0,0,-0.16,-0.00,0.00,0.00,-0.16,1,1776,2
0,0,0,0,0,-0.16,-0.00,0.00,0.00,-0.16,1,1826,2
0,0,0,0,0,-0.16,-0.00,0.00,0.00,-0.16,1,1876,2
0,0,0,0,0,-0.16,-0.00,0.00,0.00,-0.16,1,1926,2
0,0,0,0,0,-0.16,-0.00,0.00,0.00,-0.16,1,1976,2
0,0,0,0,0,-0.16,-0.00,0.00,0.00,-0.16,1,2026,2
0,0,0,0,0,-0.16,-0.00,0.00,0.00,-0.16,1,2076,2
0,0,0,0,0,-0.16,-0.00,0.00,0.00,-0.16,1,2126,2
0,0,0,0,0,-0.16,-0.00,0.00,0.00,-0.16,1,2176,2
0,0,0,0,0,-0.16,-0.00,0.00,0.00,-0.16,1,2226,2
0,0,0,0,0,-0.16,-0.00,0.00,0.00,-0.16,1,2276,2
0,0,0,0,0,-0.16,-0.00,0.00,0.00,-0.16,1,2326,2
0,0,0,0,0,-0.16,-0.00,0.00,0.00,-0.16,1,2376,2
0,0,0,0,0,-0.17,-0.00,0.00,0.00,-0.17,1,2426,2
0,0,0,0,0,-0.17,-0.00,0.00,0.00,-0.17,1,2476,2
0,0,0,0,0,-0.17,-0.00,0.00,0.00,-0.17,1,2526,2
0,0,0,0,0,-0.17,-0.00,0.00,0.00,-0.17,1,2576,2
0,0,0,0,0,-0.17,-0.00,0.00,0.00,-0.17,1,2626,2
0,0,0,0,0,-0.17,-0.00,0.00,0.00,-0.17,1,2676,2
0,0,0,0,0,-0.17,-0.00,0.00,0.00,-0.17,1,2726,2
0,0,0,0,0,-0.17,-0.00,0.00,0.00,-0.17,1,2776,2
0,0,0,0,0,-0.17,-0.00,0.00,0.00,-0.17,1,2826,2
0,0,0,0,0,-0.17,-0.00,0.00,0.00,-0.17,1,2876,2
0,0,0,0,0,-0.17,-0.00,0.00,0.00,-0.17,1,2926,2
0,0,0,0,0,-0.17,-0.00,0.00,0.00,-0.17,1,2976,2
0,0,0,0,0,-0.17,-0.00,0.00,0.00,-0.17,1,3026,2
0,0,0,0,0,-0.17,-0.00,0.00,0.00,-0.17,1,3076,2
0,0,0,0,0,-0.17,-0.00,0.00,0.00,-0.17,1,3126,2
0,0,0,0,0,-0.17,-0.00,0.00,0.00,-0.17,1,3176,2
0,0,0,0,0,-0.17,-0.00,0.00,0.00,-0.17,1,3226,2
0,0,0,0,0,-0.17,-0.00,0.00,0.00,-0.17,1,3276,2
0,0,0,0,0,-0.17,-0.00,0.00,0.00,-0.17,1,3326,2
0,0,0,0,0,-0.17,-0.00,0.00,0.00,-0.17,1,3376,2
0,0,0,0,0,-0.17,-0.00,0.00,0.00,-0.17,1,3426,2
0,0,0,0,0,-0.17,-0.00,0.00,0.00,-0.17,1,3476,2
0,0,0,0,0,-0.17,-0.00,0.00,0.00,-0.17,1,3526,2
0,0,0,0,0,-0.17,-0.00,0.00,0.00,-0.17,1,3576,2
0,0,0,0,0,-0.17,-0.00,0.00,0.00,-0.17,1,3626,2
0,0,0,0,0,-0.17,-0.00,0.00,0.00,-0.17,1,3676,2
0,0,0,0,0,-0.17,-0.00,0.00,0.00,-0.17,1,3726,2
0,0,0,0,0,-0.17,-0.00,0.00,0.00,-0.17,1,3776,2
0,0,0,0,0,-0.17,-0.00,0.00,0.00,-0.17,1,3826,2
0,0,0,0,0,-0.17,-0.00,0.00,0.00,-0.17,1,3876,2
0,0,0,0,0,-0.17,-0.00,0.00,0.00,-0.17,1,3926,2
0,0,0,0,0,-0.17,-0.00,0.00,0.00,-0.17,1,3976,2
0,0,0,0,0,-0.17,-0.00,0.00,0.00,-0.17,1,4026,2
0,0,0,0,0,-0.17,-0.00,0.00,0.00,-0.17,1,4076,2
0,0,0,0,0,-0.17,-0.00,0.00,0.00,-0.17,1,4126,2
0,0,0,0,0,-0.17,-0.00,0.00,0.00,-0.17,1,4176,2
0,0,0,0,0,-0.17,-0.00,0.00,0.00,-0.17,1,4226,2
0,0,0,0,0,-0.17,-0.00,0.00,0.00,-0.17,1,4276,2
0,0,0,0,0,-0.17,-0.00,0.00,0.00,-0.17,1,4326,2
0,0,0,0,0,-0.17,-0.00,0.00,0.00,-0.17,1,4376,2
0,0,0,0,0,-0.17,-0.00,0.00,0.00,-0.17,1,4426,2
0,0,0,0,0,-0.17,-0.00,0.00,0.00,-0.17,1,4476,2
0,0,0,0,0,-0.17,-0.00,0.00,0.00,-0.17,1,4526,2
0,0,0,0,0,-0.17,-0.00,0.00,0.00,-0.17,1,4576,2
0,0,0,0,0,-0.17,-0.00,0.00,0.00,-0.17,1,4626,2
0,0,0,0,0,-0.17,-0.00,0.00,0.00,-0.17,1,4676,2
0,0,0,0,0,-0.17,-0.00,0.00,0.00,-0.17,1,4726,2
0,0,0,0,0,-0.17,-0.00,0.00,0.00,-0.17,1,4776,2
0,0,0,0,0,-0.17,-0.00,0.00,0.00,-0.17,1,4826,2
0,0,0,0,0,-0.17,-0.00,0.00,0.00,-0.17,1,4876,2
0,0,0,0,0,-0.17,-0.00,0.00,0.00,-0.17,1,4926,2
0,0,0,0,0,-0.17,-0.00,0.00,0.00,-0.17,1,4976,2
0,0,0,0,0,-0.17,-0.00,0.00,0.00,-0.17,1,5026,2
0,0,0,0,0,-0.17,-0.00,0.00,0.00,-0.17,1,5076,2
0,0,0,0,0,-0.17,-0.00,0.00,0.00,-0.17,1,5126,2
0,0,0,0,0,-0.17,-0.00,0.00,0.00,-0.17,1,5176,2
0,0,0,0,0,-0.17,-0.00,0.00,0.00,-0.17,1,5226,2
0,0,0,0,0,-0.17,-0.00,0.00,0.00,-0.17,1,5276,2
0,0,0,0,0,-0.17,-0.00,0.00,0.00,-0.17,1,5326,2
0,0,0,0,0,-0.17,-0.00,0.00,0.00,-0.17,1,5376,2
0,0,0,0,0,-0.17,-0.00,0.00,0.00,-0.17,1,5426,2
0,0,0,0,0,-0.17,-0.00,0.00,0.00,-0.17,1,5476,2
0,0,0,0,0,-0.17,-0.00,0.00,0.00,-0.17,1,5526,2
0,0,0,0,0,-0.17,-0.00,0.00,0.00,-0.17,1,5576,2
0,0,0,0,0,-0.17,-0.00,0.00,0.00,-0.17,1,5626,2
0,0,0,0,0,-0.17,-0.00,0.00,0.00,-0.17,1,5676,2
0,0,0,0,0,-0.17,-0.00,0.00,0.00,-0.17,1,5726,2
0,0,0,0,0,-0.17,-0.00,0.00,0.00,-0.17,1,5776,2
0,0,0,0,0,-0.17,-0.00,0.00,0.00,-0.17,1,5825,2
0,0,0,0,0,-0.17,-0.00,0.00,0.00,-0.17,1,5876,2
0,0,0,0,0,-0.17,-0.00,0.00,0.00,-0.17,1,5926,2
0,0,0,0,0,-0.17,-0.00,0.00,0.00,-0.17,1,5976,2
0,0,0,0,0,-0.17,-0.00,0.00,0.00,-0.17,1,6026,2
0,0,0,0,0,-0.17,-0.00,0.00,0.00,-0.17,1,6075,2
0,0,0,0,0,-0.17,-0.00,0.00,0.00,-0.17,1,6126,2
0,0,0,0,0,-0.17,-0.00,0.00,0.00,-0.17,1,6176,2
0,0,0,0,0,-0.17,-0.00,0.00,0.00,-0.17,1,6226,2
0,0,0,0,0,-0.16,-0.00,0.00,0.00,-0.16,1,6276,2
0,0,0,0,0,-0.16,-0.00,0.00,0.00,-0.16,1,6326,2
0,0,0,0,0,-0.16,-0.00,0.00,0.00,-0.16,1,6376,2
0,0,0,0,0,-0.16,-0.00,0.00,0.00,-0.16,1,6426,2
0,0,0,0,0,-0.16,-0.00,0.00,0.00,-0.16,1,6476,2
0,0,0,0,0,-0.16,-0.00,0.00,0.00,-0.16,1,6526,2
0,0,0,0,0,-0.16,-0.00,0.00,0.00,-0.16,1,6576,2
0,0,0,0,0,-0.16,-0.00,0.00,0.00,-0.16,1,6626,2
0,0,0,0,0,-0.16,-0.00,0.00,0.00,-0.16,1,6676,2
0,0,0,0,0,-0.16,-0.00,0.00,0.00,-0.16,1,6726,2
0,0,0,0,0,-0.16,-0.00,0.00,0.00,-0.16,1,6776,2
0,0,0,0,0,-0.15,-0.00,0.00,0.00,-0.15,1,6826,2
0,0,0,0,0,-0.15,-0.00,0.00,0.00,-0.15,1,6876,2
0,0,0,0,0,-0.15,-0.00,0.00,0.00,-0.15,1,6926,2
0,0,0,0,0,-0.15,-0.00,0.00,0.00,-0.15,1,6976,2
0,0,0,0,0,-0.15,-0.00,0.00,0.00,-0.15,1,7026,2
0,0,0,0,0,-0.15,-0.00,0.00,0.00,-0.15,1,7076,2
0,0,0,0,0,-0.15,-0.00,0.00,0.00,-0.15,1,7126,2
0,0,0,0,0,-0.15,-0.00,0.00,0.00,-0.15,1,7176,2
0,0,0,0,0,-0.15,-0.00,0.00,0.00,-0.15,1,7226,2
0,0,0,0,0,-0.15,-0.00,0.00,0.00,-0.15,1,7276,2
0,0,0,0,0,-0.15,-0.00,0.00,0.00,-0.15,1,7326,2
0,0,0,0,0,-0.15,-0.00,0.00,0.00,-0.15,1,7376,2
0,0,0,0,0,-0.15,-0.00,0.00,0.00,-0.15,1,7425,2
0,0,0,0,0,-0.15,-0.00,0.00,0.00,-0.15,1,7476,2
0,0,0,0,0,-0.15,-0.00,0.00,0.00,-0.15,1,7526,2
0,0,0,0,0,-0.15,-0.00,0.00,0.00,-0.15,1,7576,2
0,0,0,0,0,-0.15,-0.00,0.00,0.00,-0.15,1,7626,2